return_period_years,annual_exceedance_probability,loss_kes,band_low_kes,band_high_kes
1.0,1.0,0.00,0.00,0.00
1.123654800138751,0.8899530352885229,0.00,0.00,0.00
1.2626001098748563,0.792016405019255,0.00,0.00,0.00
1.4187266741165965,0.7048574036451901,0.00,0.00,0.00
1.5941590374559989,0.6272899858196247,0.00,0.00,0.00
1.791284454622004,0.5582586268862695,0.00,0.00,0.00
2.0,0.5,2951229.72,0.00,7189959.18
2.012785375849939,0.49682395947343855,5085357.54,0.00,9225233.21
2.2616759492228637,0.4421499907374488,36872388.38,32694090.08,41281223.69
2.541343036702637,0.3934927263095849,64660683.95,60100857.25,69016321.10
2.8555923019901077,0.3501900461431711,89564790.24,86108875.62,93195623.13
3.2086999973704504,0.311652694492943,111242868.24,108083209.60,115411232.38
3.605471154250503,0.27735626141984143,132001120.96,127335735.81,135434346.99
4.051304969235381,0.24683404670686493,152591406.60,147707314.15,156145446.10
4.55226827550731,0.2196707090793235,170370389.91,165918732.61,174879673.32
5.0,0.2,185392424.99,180230592.06,188948716.03
5.115178099293143,0.19549661430912604,188894390.37,183341356.94,192385912.29
5.747694424835351,0.17398280529303645,207907839.29,202886637.31,211754608.82
6.45842443019698,0.15483652565854986,223889705.71,219576546.76,229148799.55
7.257039612324214,0.13779723598335572,242202783.01,237009520.99,247010863.25
8.154407395185162,0.12263306841775631,259847361.96,252937404.30,267099983.82
9.162739011886735,0.10913767146512733,278977847.10,272723604.28,284459283.79
10.0,0.1,293048955.60,284519624.84,297892157.86
10.295755673125127,0.09712740198471168,296355701.07,290273209.17,303445319.81
11.568875283162821,0.0864388262059827,314523123.64,307257696.26,324423303.25
12.999422244132456,0.07692649574879143,336896164.87,327998241.29,349182552.10
14.606863203649889,0.06846096838574657,364553810.83,350922827.29,376811469.89
16.41307195375129,0.060927046613686774,392031847.19,376894995.17,410249280.68
18.442627085855346,0.05422221006501587,424175441.50,409482451.21,441620191.64
20.723146452190296,0.04825522042741279,458440467.52,437461359.58,488381727.66
23.285662984981954,0.042944879887892744,499375748.33,479046459.31,532695301.84
25.0,0.04,532025495.90,498560528.56,570054712.82
26.165046987488207,0.03821892620633119,548787655.54,516880776.16,588965128.83
29.40048064334709,0.03401304938279251,596025607.50,556458609.92,650100467.55
33.03599120128338,0.030270016537634628,665444212.94,605058241.05,728647025.60
37.12105009066361,0.026938893095901726,751306733.37,670543446.06,829230962.96
41.711246120565185,0.02397434967801077,839959637.96,750647210.12,921051936.80
46.86904192314192,0.02133604526501411,939802082.99,835048761.85,1038232159.55
50.0,0.02,1005840301.75,871383949.27,1081430345.90
52.66462393484278,0.018988078244652623,1038663374.28,910311127.75,1117803727.87
59.17685748188821,0.016898497868124578,1117656300.92,1033254515.92,1239474988.14
66.49435996665045,0.015038869469554102,1241868523.35,1103077946.46,1350304663.30
74.71670675868079,0.01338388753173757,1344480365.66,1235332651.24,1523427284.45
83.95578619995112,0.011911031332830068,1491409497.97,1332366067.67,1707827214.97
94.33732216299774,0.010600258488068824,1618106053.27,1391987071.50,1797232146.73
100.0,0.01,1746087849.02,1492343003.65,1835461210.14
106.00258488068825,0.009433732216299773,1785375011.48,1578339093.47,1859286557.62
119.11031332830068,0.008395578619995112,1842187095.94,1746018964.08,1954883419.61
133.83887531737562,0.0074716706758680826,1930810803.04,1799240540.35,2073954653.40
150.388694695541,0.006649435996665046,2036384669.46,1856708810.11,2168561231.81
168.9849786812457,0.005917685748188824,2103260262.21,1940873729.86,2246291694.58
189.88078244652633,0.005266462393484275,2218401608.44,2054592793.36,2328119171.26
200.0,0.005,2241206718.49,2067636477.70,2449499890.77
213.3604526501411,0.004686904192314192,2263830534.47,2079076050.52,2467180253.20
239.74349678010762,0.00417112461205652,2335595851.61,2187036107.72,2558981390.97
250.0,0.004,2442614488.61,2209758872.95,2559021502.27
269.3889309590173,0.0037121050090663608,2450622154.43,2246437782.19,2621806247.59
302.70016537634615,0.0033035991201283395,2523958639.04,2298221309.83,2654287484.01
340.1304938279253,0.0029400480643347075,2599709137.52,2410730608.63,2830750531.18
382.1892620633119,0.002616504698748821,2646907845.38,2493629720.37,3157769817.29
429.4487988789272,0.0023285662984981964,2789707713.21,2554185123.70,3362014265.29
482.5522042741279,0.0020723146452190293,3074284289.97,2583028829.29,3465915240.04
500.0,0.002,3157651032.10,2621943878.60,3466050999.66
542.2221006501586,0.0018442627085855348,3193681770.54,2679574985.32,3491218849.47
609.2704661368674,0.00164130719537513,3355965112.51,2781047097.85,3552611292.41
684.6096838574658,0.0014606863203649888,3459779247.42,2898707569.77,3603001068.38
769.2649574879139,0.0012999422244132461,3468607211.81,3160596279.67,3652802885.10
864.3882620598271,0.001156887528316282,3512813905.51,3266611826.47,3710633900.62
971.2740198471167,0.0010295755673125127,3559535831.14,3416572241.29,3765525491.41
1000.0,0.001,3577088920.88,3455779846.73,3786452784.95
1091.3767146512728,0.000916273901188674,3632203756.86,3455779846.73,3786452784.95
1226.3306841775632,0.0008154407395185162,3651275310.32,3466539687.18,3816276282.75
1377.9723598335568,0.0007257039612324216,3696611083.49,3505055727.69,3834573113.99
1548.365256585499,0.0006458424430196978,3752237013.05,3517492605.93,3974129158.43
1739.828052930364,0.0005747694424835352,3786452784.95,3576509589.93,4103976432.68
1954.9661430912595,0.0005115178099293145,3786452784.95,3610429905.13,4134050884.40
2000.0,0.0005,3786476845.11,3639571948.18,4139503517.51
2196.7070907932352,0.00045522682755073094,3808019688.52,3647091859.09,4139503517.51
2468.3404670686486,0.0004051304969235382,3832123797.00,3652296652.14,4139503517.51
2773.562614198415,0.00036054711542505023,3936209088.55,3676064571.80,4236115426.12
3116.52694492943,0.00032086999973704504,4038319176.36,3728897391.77,4333178011.64
3501.9004614317096,0.0002855592301990109,4098831912.92,3783604507.20,4384159135.91
3934.9272630958494,0.0002541343036702636,4113773621.10,3785534800.62,4820056606.30
4421.499907374487,0.00022616759492228647,4127071039.65,3786452784.95,5262281290.06
4968.2395947343875,0.00020127853758499385,4138905117.65,3786452784.95,5655840489.65
5000.0,0.0002,4139552448.63,3786513884.68,5675741133.16
5582.586268862695,0.00017912844546220038,4190610773.11,3834573113.99,5675741133.16
6272.899858196243,0.00015941590374559997,4238833791.17,3834573113.99,5675741133.16
7048.574036451903,0.0001418726674116596,4281750012.46,3834573113.99,5675741133.16
7920.1640501925485,0.00012626001098748563,4319943433.86,3834573113.99,5675741133.16
8899.530352885224,0.00011236548001387516,4353933785.16,3834573113.99,5675741133.16
10000.0,0.0001,4384288294.11,3834750772.88,5675741133.16
