name,lat,lon,score_extreme,score_severe,score_moderate,score_occasional,score_common,flagged_any_tier
Kiambiu,-1.2822758,36.8634101,0.0,0.0,0.06767897307872772,0.15608830749988556,0.22885838150978088,True
Dandora,-1.2449083,36.9060802,0.0,0.0,0.0,0.057631172239780426,0.13889116048812866,True
Kariobangi,-1.2590939,36.8819135,0.0,0.0,0.0,0.0006907563656568527,0.08686068654060364,True
Kayole,-1.2667475,36.9193623,0.015403296798467636,0.14360162615776062,0.2550138235092163,0.3256587088108063,0.38380682468414307,True
Komarock,-1.2726556,36.9077371,0.0,0.0,0.0,0.0,0.058353736996650696,True
Njiru,-1.2545703,36.9920563,0.0,0.0,0.09328117221593857,0.17926271259784698,0.25003448128700256,True
Ruai,-1.2689967,36.9915483,0.0,0.0,0.0,0.0,0.06448159366846085,True
Mwiki,-1.2327573,36.9332678,0.0,0.0,0.025866331532597542,0.11824063956737518,0.19427430629730225,True
Donholm,-1.2992254,36.8886888,0.0,0.0,0.0,0.0,0.0,False
Tassia,-1.307049,36.8986034,0.0,0.0,0.0,0.0026985283475369215,0.08869533240795135,True
Fedha,-1.3156695,36.8984952,0.0,0.0,0.0,0.0,0.0,False
Madaraka,-1.3074039,36.8153361,0.0,0.0,0.0,0.0,0.0,False
Nairobi West,-1.3087022,36.8230975,0.0,0.0,0.0,0.0,0.06836303323507309,True
Lang'ata,-1.3189569,36.7899763,0.0,0.0,0.0,0.0,0.0,False
Kawangware,-1.2784631,36.751643,0.0,0.0,0.0,0.0,0.0,False
Kangemi,-1.2680073,36.7522966,0.0,0.0,0.0,0.0,0.0,False
Lavington,-1.2740678,36.7762269,0.0,0.0,0.0,0.0,0.0,False
Westlands,-1.2465281,36.7860759,0.0,0.0,0.0,0.0,0.0,False
Parklands,-1.2630616,36.8106288,0.0,0.0,0.0,0.0,0.0,False
Kitisuru,-1.2403787,36.77103,0.0,0.0,0.0,0.0,0.0,False
Kileleshwa,-1.2767338,36.7879011,0.0,0.0,0.0,0.0,0.0,False
Chiromo,-1.2708313,36.8063848,0.0,0.0,0.004007041919976473,0.09845419973134995,0.17619404196739197,True
Mathare,-1.2584151,36.8712653,0.0,0.0,0.0,0.0681399554014206,0.14849376678466797,True
Kibera,-1.3113332,36.7890001,0.0,0.0,0.0,0.0,0.0,False
