loc_id,lat,lon,hazard_score_common,hazard_score_occasional,hazard_score_moderate,hazard_score_severe,hazard_score_extreme
NBO-0000,-1.314897,36.935883,0.0232857968658208,0.0,0.0,0.0,0.0
NBO-0001,-1.219963,36.789855,0.0,0.0,0.0,0.0,0.0
NBO-0002,-1.257597,36.896201,0.4584057033061981,0.4072972238063812,0.3452048897743225,0.2472807019948959,0.1346025913953781
NBO-0003,-1.194103,36.84782,0.1139633804559707,0.0303510408848524,0.0,0.0,0.0
NBO-0004,-1.263191,36.773582,0.1406206041574478,0.0595238171517849,0.0,0.0,0.0
NBO-0005,-1.202301,36.930681,0.6697713136672974,0.6386087536811829,0.6007488965988159,0.5410411357879639,0.4723374247550964
NBO-0006,-1.297331,36.917333,0.1324349194765091,0.0505656786262989,0.0,0.0,0.0
NBO-0007,-1.29008,36.791035,0.0,0.0,0.0,0.0,0.0
NBO-0008,-1.255438,36.943294,0.2259266525506973,0.152879923582077,0.0641344785690307,0.0,0.0
NBO-0009,-1.337945,36.756131,0.0,0.0,0.0,0.0,0.0
NBO-0010,-1.275674,36.901374,0.0,0.0,0.0,0.0,0.0
NBO-0011,-1.198387,36.870224,0.0079745389521121,0.0,0.0,0.0,0.0
NBO-0012,-1.238124,36.817765,0.1145584806799888,0.0310022961348295,0.0,0.0,0.0
NBO-0013,-1.191036,36.707701,0.0,0.0,0.0,0.0,0.0
NBO-0014,-1.193437,36.9237,0.3153730928897857,0.2507671117782593,0.1722764670848846,0.0484909527003765,0.0
NBO-0015,-1.332391,36.843408,0.0,0.0,0.0,0.0,0.0
NBO-0016,-1.306308,36.797577,0.0,0.0,0.0,0.0,0.0
NBO-0017,-1.224443,36.78867,0.0,0.0,0.0,0.0,0.0
NBO-0018,-1.274224,36.862993,0.0046982602216303,0.0,0.0,0.0,0.0
NBO-0019,-1.215378,36.786757,0.0,0.0,0.0,0.0,0.0
NBO-0020,-1.268428,36.826895,0.0410050489008426,0.0,0.0,0.0,0.0
NBO-0021,-1.31688,36.792734,0.0192247051745653,0.0,0.0,0.0,0.0
NBO-0022,-1.30153,36.713801,0.0,0.0,0.0,0.0,0.0
NBO-0023,-1.255021,36.762602,0.0,0.0,0.0,0.0,0.0
NBO-0024,-1.198924,36.910241,0.3686547875404358,0.3090768456459045,0.2366947829723358,0.12254299223423,0.0
NBO-0025,-1.346206,36.904539,0.0,0.0,0.0,0.0,0.0
NBO-0026,-1.263277,36.866831,0.0,0.0,0.0,0.0,0.0
NBO-0027,-1.255159,36.817647,0.0,0.0,0.0,0.0,0.0
NBO-0028,-1.194738,36.942461,0.2913669347763061,0.2244955897331237,0.1432527005672454,0.0151267014443874,0.0
NBO-0029,-1.341011,36.910065,0.0905699282884597,0.004750027321279,0.0,0.0,0.0
NBO-0030,-1.281853,36.761267,0.0,0.0,0.0,0.0,0.0
NBO-0031,-1.229115,36.841887,0.1423778533935547,0.0614468939602375,0.0,0.0,0.0
NBO-0032,-1.315429,36.938988,0.035210084170103,0.0,0.0,0.0,0.0
NBO-0033,-1.237085,36.896404,0.5524764060974121,0.5102450847625732,0.4589376747608185,0.378022164106369,0.2849153578281402
NBO-0034,-1.306502,36.792338,0.12514628469944,0.042589247226715,0.0,0.0,0.0
NBO-0035,-1.259929,36.817481,0.0,0.0,0.0,0.0,0.0
NBO-0036,-1.256369,36.829457,0.3459735810756683,0.2842552661895752,0.209272876381874,0.0910201519727706,0.0
NBO-0037,-1.331936,36.925473,0.0,0.0,0.0,0.0,0.0
NBO-0038,-1.257297,36.878574,0.0550626032054424,0.0,0.0,0.0,0.0
NBO-0039,-1.265985,36.799534,0.0,0.0,0.0,0.0,0.0
NBO-0040,-1.313586,36.81551,0.1382979452610016,0.0569819770753383,0.0,0.0,0.0
NBO-0041,-1.347614,36.723077,0.0,0.0,0.0,0.0,0.0
NBO-0042,-1.216402,36.823009,0.0,0.0,0.0,0.0,0.0
NBO-0043,-1.272502,36.757256,0.0,0.0,0.0,0.0,0.0
NBO-0044,-1.266109,36.723283,0.0,0.0,0.0,0.0,0.0
NBO-0045,-1.286932,36.722819,0.130946010351181,0.0489362739026546,0.0,0.0,0.0
NBO-0046,-1.288172,36.753956,0.0,0.0,0.0,0.0,0.0
NBO-0047,-1.253496,36.874782,0.2410086989402771,0.1693852096796035,0.0823688730597496,0.0,0.0
NBO-0048,-1.255831,36.744796,0.0,0.0,0.0,0.0,0.0
NBO-0049,-1.289351,36.842097,0.1021496728062629,0.017422517761588,0.0,0.0,0.0
NBO-0050,-1.251175,36.850655,0.0,0.0,0.0,0.0,0.0
NBO-0051,-1.288834,36.941566,0.249496653676033,0.1786741316318512,0.0926309302449226,0.0,0.0
NBO-0052,-1.274863,36.81455,0.0522333420813083,0.0,0.0,0.0,0.0
NBO-0053,-1.288657,36.893632,0.0,0.0,0.0,0.0,0.0
NBO-0054,-1.345737,36.708724,0.0,0.0,0.0,0.0,0.0
NBO-0055,-1.338598,36.861152,0.1093970388174057,0.0253537930548191,0.0,0.0,0.0
NBO-0056,-1.195179,36.945076,0.269245445728302,0.2002865523099899,0.1165074855089187,0.0,0.0
NBO-0057,-1.269395,36.711846,0.0048050079494714,0.0,0.0,0.0,0.0
NBO-0058,-1.326314,36.926912,0.0,0.0,0.0,0.0,0.0
NBO-0059,-1.242227,36.738945,0.0,0.0,0.0,0.0,0.0
NBO-0060,-1.207116,36.868812,0.0506880469620227,0.0,0.0,0.0,0.0
NBO-0061,-1.290067,36.706319,0.0,0.0,0.0,0.0,0.0
NBO-0062,-1.278869,36.715366,0.0,0.0,0.0,0.0,0.0
NBO-0063,-1.194166,36.733674,0.0,0.0,0.0,0.0,0.0
NBO-0064,-1.192382,36.925331,0.0937099829316139,0.0081863980740308,0.0,0.0,0.0
NBO-0065,-1.209508,36.895722,0.1351150274276733,0.053498700261116,0.0,0.0,0.0
NBO-0066,-1.272078,36.865447,0.0418705083429813,0.0,0.0,0.0,0.0
NBO-0067,-1.290213,36.862364,0.0,0.0,0.0,0.0,0.0
NBO-0068,-1.339728,36.77344,0.0,0.0,0.0,0.0,0.0
NBO-0069,-1.22829,36.832026,0.0,0.0,0.0,0.0,0.0
NBO-0070,-1.316407,36.820467,0.0,0.0,0.0,0.0,0.0
NBO-0071,-1.220708,36.937779,0.3993943929672241,0.3427172303199768,0.2738593816757202,0.1652655452489853,0.0403101928532123
NBO-0072,-1.203775,36.813551,0.0,0.0,0.0,0.0,0.0
NBO-0073,-1.265598,36.886731,0.3062759339809418,0.2408114969730377,0.1612778902053833,0.0358475409448146,0.0
NBO-0074,-1.246897,36.789663,0.0,0.0,0.0,0.0,0.0
NBO-0075,-1.242933,36.931356,0.402626633644104,0.3462544977664947,0.2777672410011291,0.1697577983140945,0.0454749092459678
NBO-0076,-1.305358,36.913093,0.0,0.0,0.0,0.0,0.0
NBO-0077,-1.298235,36.947971,0.1006443053483963,0.0157750882208347,0.0,0.0,0.0
NBO-0078,-1.297084,36.756761,0.0,0.0,0.0,0.0,0.0
NBO-0079,-1.240748,36.917596,0.5309082269668579,0.4866415858268738,0.4328614771366119,0.3480462729930877,0.2504522502422333
NBO-0080,-1.204947,36.819248,0.0685459449887275,0.0,0.0,0.0,0.0
NBO-0081,-1.223301,36.827346,0.0,0.0,0.0,0.0,0.0
NBO-0082,-1.245203,36.83545,0.0,0.0,0.0,0.0,0.0
NBO-0083,-1.334989,36.72296,0.0,0.0,0.0,0.0,0.0
NBO-0084,-1.286346,36.920269,0.1707343310117721,0.0924792811274528,0.0,0.0,0.0
NBO-0085,-1.273428,36.851099,0.0,0.0,0.0,0.0,0.0
NBO-0086,-1.232924,36.726327,0.0,0.0,0.0,0.0,0.0
NBO-0087,-1.210741,36.884764,0.0,0.0,0.0,0.0,0.0
NBO-0088,-1.269745,36.728359,0.0,0.0,0.0,0.0,0.0
NBO-0089,-1.212553,36.795312,0.238679438829422,0.166836142539978,0.0795527771115303,0.0,0.0
NBO-0090,-1.272165,36.867382,0.0762653052806854,0.0,0.0,0.0,0.0
NBO-0091,-1.308021,36.816316,0.0110014136880636,0.0,0.0,0.0,0.0
NBO-0092,-1.333203,36.716242,0.0,0.0,0.0,0.0,0.0
NBO-0093,-1.299334,36.855565,0.0,0.0,0.0,0.0,0.0
NBO-0094,-1.271576,36.791682,0.1444067060947418,0.063667207956314,0.0,0.0,0.0
NBO-0095,-1.224116,36.795335,0.158087283372879,0.0786387771368026,0.0,0.0,0.0
NBO-0096,-1.201989,36.740738,0.0,0.0,0.0,0.0,0.0
NBO-0097,-1.279198,36.745978,0.0,0.0,0.0,0.0,0.0
NBO-0098,-1.29751,36.948272,0.0561462230980396,0.0,0.0,0.0,0.0
NBO-0099,-1.260843,36.851111,0.1666184812784195,0.0879750251770019,0.0,0.0,0.0
NBO-0100,-1.286345,36.846856,0.1653144210577011,0.0865479037165641,0.0,0.0,0.0
NBO-0101,-1.30844,36.895244,0.1572722345590591,0.0777468010783195,0.0,0.0,0.0
NBO-0102,-1.222723,36.795885,0.0230146870017051,0.0,0.0,0.0,0.0
NBO-0103,-1.306432,36.73854,0.0,0.0,0.0,0.0,0.0
NBO-0104,-1.226248,36.851791,0.0,0.0,0.0,0.0,0.0
NBO-0105,-1.23934,36.801209,0.0,0.0,0.0,0.0,0.0
NBO-0106,-1.296068,36.800864,0.0255433842539787,0.0,0.0,0.0,0.0
NBO-0107,-1.213736,36.721958,0.0,0.0,0.0,0.0,0.0
NBO-0108,-1.295765,36.805226,0.0,0.0,0.0,0.0,0.0
NBO-0109,-1.207673,36.712984,0.0,0.0,0.0,0.0,0.0
NBO-0110,-1.238154,36.925489,0.2431769371032714,0.1717580556869506,0.0849903151392936,0.0,0.0
NBO-0111,-1.334044,36.793712,0.0,0.0,0.0,0.0,0.0
NBO-0112,-1.271695,36.878829,0.1458158493041992,0.0652093291282653,0.0,0.0,0.0
NBO-0113,-1.317103,36.847082,0.0978768467903137,0.0127464728429913,0.0,0.0,0.0
NBO-0114,-1.268416,36.810036,0.0,0.0,0.0,0.0,0.0
NBO-0115,-1.340624,36.784613,0.0,0.0,0.0,0.0,0.0
NBO-0116,-1.335686,36.707985,0.0,0.0,0.0,0.0,0.0
NBO-0117,-1.258956,36.863648,0.1767629981040954,0.0990768522024154,0.0046949204988777,0.0,0.0
NBO-0118,-1.228914,36.724864,0.0,0.0,0.0,0.0,0.0
NBO-0119,-1.321806,36.758701,0.0631742551922798,0.0,0.0,0.0,0.0
NBO-0120,-1.255807,36.939727,0.1707080602645874,0.0924505367875099,0.0,0.0,0.0
NBO-0121,-1.229133,36.79396,0.0,0.0,0.0,0.0,0.0
NBO-0122,-1.207446,36.790624,0.0,0.0,0.0,0.0,0.0
NBO-0123,-1.275351,36.872473,0.5531253814697266,0.5109553337097168,0.4597223401069641,0.3789241909980774,0.2859524190425873
NBO-0124,-1.181446,36.767437,0.0,0.0,0.0,0.0,0.0
NBO-0125,-1.183533,36.792047,0.0,0.0,0.0,0.0,0.0
NBO-0126,-1.210898,36.776869,0.2796441912651062,0.2116666138172149,0.1290797442197799,0.0,0.0
NBO-0127,-1.290697,36.873831,0.0345160253345966,0.0,0.0,0.0,0.0
NBO-0128,-1.321205,36.719321,0.0,0.0,0.0,0.0,0.0
NBO-0129,-1.316017,36.795227,0.0,0.0,0.0,0.0,0.0
NBO-0130,-1.194198,36.949316,0.2919898331165313,0.2251772433519363,0.1440057605504989,0.0159923862665891,0.0
NBO-0131,-1.340893,36.860238,0.1200344860553741,0.0369950607419014,0.0,0.0,0.0
NBO-0132,-1.27855,36.818788,0.0129572013393044,0.0,0.0,0.0,0.0
NBO-0133,-1.207541,36.772299,0.0,0.0,0.0,0.0,0.0
NBO-0134,-1.313321,36.705669,0.0,0.0,0.0,0.0,0.0
NBO-0135,-1.328732,36.927373,0.1276225000619888,0.0452991276979446,0.0,0.0,0.0
NBO-0136,-1.308288,36.930201,0.0894166082143783,0.0034878726582974,0.0,0.0,0.0
NBO-0137,-1.229656,36.944629,0.290000319480896,0.2230000048875808,0.1416004300117492,0.0132273351773619,0.0
NBO-0138,-1.243781,36.81987,0.0,0.0,0.0,0.0,0.0
NBO-0139,-1.33467,36.848323,0.0,0.0,0.0,0.0,0.0
NBO-0140,-1.324226,36.772249,0.0,0.0,0.0,0.0,0.0
NBO-0141,-1.249756,36.907099,0.4042948782444,0.3480801582336426,0.2797841429710388,0.17207632958889,0.0481405183672905
NBO-0142,-1.257697,36.845664,0.0,0.0,0.0,0.0,0.0
NBO-0143,-1.227186,36.774168,0.0,0.0,0.0,0.0,0.0
NBO-0144,-1.310914,36.773765,0.0,0.0,0.0,0.0,0.0
NBO-0145,-1.25898,36.789057,0.0,0.0,0.0,0.0,0.0
NBO-0146,-1.209838,36.867674,0.0,0.0,0.0,0.0,0.0
NBO-0147,-1.186506,36.892392,0.1754363030195236,0.0976249650120735,0.0030909371562302,0.0,0.0
NBO-0148,-1.221177,36.725933,0.0,0.0,0.0,0.0,0.0
NBO-0149,-1.201048,36.932221,0.6828710436820984,0.6529446244239807,0.6165866255760193,0.5592474341392517,0.4932691156864166
NBO-0150,-1.315498,36.888282,0.0480966456234455,0.0,0.0,0.0,0.0
NBO-0151,-1.26734,36.901219,0.0129179852083325,0.0,0.0,0.0,0.0
NBO-0152,-1.184332,36.749384,0.0,0.0,0.0,0.0,0.0
NBO-0153,-1.245369,36.735718,0.0,0.0,0.0,0.0,0.0
NBO-0154,-1.324387,36.883553,0.0,0.0,0.0,0.0,0.0
NBO-0155,-1.284631,36.934741,0.1744741797447204,0.0965720415115356,0.0019277043174952,0.0,0.0
NBO-0156,-1.31803,36.786682,0.0292692780494689,0.0,0.0,0.0,0.0
NBO-0157,-1.209491,36.725,0.0,0.0,0.0,0.0,0.0
NBO-0158,-1.323821,36.781637,0.0,0.0,0.0,0.0,0.0
NBO-0159,-1.2755,36.909436,0.0515363663434982,0.0,0.0,0.0,0.0
NBO-0160,-1.267116,36.905938,0.0737608298659324,0.0,0.0,0.0,0.0
NBO-0161,-1.264529,36.758589,0.0,0.0,0.0,0.0,0.0
NBO-0162,-1.207852,36.738724,0.0,0.0,0.0,0.0,0.0
NBO-0163,-1.342246,36.823872,0.0,0.0,0.0,0.0,0.0
NBO-0164,-1.318571,36.780133,0.0,0.0,0.0,0.0,0.0
NBO-0165,-1.315888,36.912665,0.0557259246706962,0.0,0.0,0.0,0.0
NBO-0166,-1.273681,36.816244,0.0,0.0,0.0,0.0,0.0
NBO-0167,-1.194379,36.756692,0.0631651803851127,0.0,0.0,0.0,0.0
NBO-0168,-1.226041,36.807618,0.0,0.0,0.0,0.0,0.0
NBO-0169,-1.274509,36.755653,0.0,0.0,0.0,0.0,0.0
NBO-0170,-1.292702,36.875973,0.0,0.0,0.0,0.0,0.0
NBO-0171,-1.212602,36.943006,0.2369648814201355,0.1649597883224487,0.0774798542261123,0.0,0.0
NBO-0172,-1.240316,36.852111,0.0,0.0,0.0,0.0,0.0
NBO-0173,-1.230335,36.759392,0.0,0.0,0.0,0.0,0.0
NBO-0174,-1.198222,36.903014,0.1815550923347473,0.1043211668729782,0.0104886377230286,0.0,0.0
NBO-0175,-1.341161,36.791211,0.0,0.0,0.0,0.0,0.0
NBO-0176,-1.212321,36.722038,0.0,0.0,0.0,0.0,0.0
NBO-0177,-1.182082,36.738428,0.0,0.0,0.0,0.0,0.0
NBO-0178,-1.265205,36.79272,0.0,0.0,0.0,0.0,0.0
NBO-0179,-1.337228,36.908714,0.1453894227743148,0.0647426545619964,0.0,0.0,0.0
NBO-0180,-1.333631,36.756666,0.0,0.0,0.0,0.0,0.0
NBO-0181,-1.195501,36.89562,0.1580795347690582,0.0786302909255027,0.0,0.0,0.0
NBO-0182,-1.319569,36.720591,0.0,0.0,0.0,0.0,0.0
NBO-0183,-1.218746,36.909908,0.1909132599830627,0.1145624220371246,0.0218027848750352,0.0,0.0
NBO-0184,-1.221434,36.878747,0.0,0.0,0.0,0.0,0.0
NBO-0185,-1.28124,36.722067,0.0,0.0,0.0,0.0,0.0
NBO-0186,-1.311268,36.710595,0.0,0.0,0.0,0.0,0.0
NBO-0187,-1.330025,36.762867,0.0,0.0,0.0,0.0,0.0
NBO-0188,-1.301215,36.744807,0.0,0.0,0.0,0.0,0.0
NBO-0189,-1.241874,36.861843,0.0271627884358167,0.0,0.0,0.0,0.0
NBO-0190,-1.20887,36.81776,0.0,0.0,0.0,0.0,0.0
NBO-0191,-1.267964,36.843265,0.0263926498591899,0.0,0.0,0.0,0.0
NBO-0192,-1.329844,36.771296,0.0,0.0,0.0,0.0,0.0
NBO-0193,-1.210185,36.944592,0.269862949848175,0.2009623348712921,0.1172540634870529,0.0,0.0
NBO-0194,-1.264517,36.725531,0.0,0.0,0.0,0.0,0.0
NBO-0195,-1.27448,36.865735,0.0330983623862266,0.0,0.0,0.0,0.0
NBO-0196,-1.224155,36.832879,0.0,0.0,0.0,0.0,0.0
NBO-0197,-1.343618,36.947469,0.0544748902320861,0.0,0.0,0.0,0.0
NBO-0198,-1.319233,36.938714,0.0253351777791976,0.0,0.0,0.0,0.0
NBO-0199,-1.344312,36.819906,0.0267174895852804,0.0,0.0,0.0,0.0
NBO-0200,-1.306727,36.812002,0.0343876369297504,0.0,0.0,0.0,0.0
NBO-0201,-1.270885,36.789166,0.0,0.0,0.0,0.0,0.0
NBO-0202,-1.318579,36.742962,0.0,0.0,0.0,0.0,0.0
NBO-0203,-1.344032,36.870461,0.3885695338249206,0.3308708667755127,0.2607719898223877,0.1502209156751632,0.0230134613811969
NBO-0204,-1.336469,36.921711,0.0,0.0,0.0,0.0,0.0
NBO-0205,-1.289884,36.819049,0.2068036645650863,0.1319523602724075,0.0410145111382007,0.0,0.0
NBO-0206,-1.274787,36.929401,0.1609867513179779,0.0818118527531623,0.0,0.0,0.0
NBO-0207,-1.319881,36.761287,0.0,0.0,0.0,0.0,0.0
NBO-0208,-1.266865,36.76677,0.0,0.0,0.0,0.0,0.0
NBO-0209,-1.241941,36.938785,0.6831744313240051,0.6532766819000244,0.6169534921646118,0.5596691370010376,0.4937539100646972
NBO-0210,-1.291279,36.929862,0.1663005650043487,0.087627112865448,0.0,0.0,0.0
NBO-0211,-1.261427,36.828096,0.0,0.0,0.0,0.0,0.0
NBO-0212,-1.317846,36.837696,0.0227607246488332,0.0,0.0,0.0,0.0
NBO-0213,-1.287925,36.788302,0.0,0.0,0.0,0.0,0.0
NBO-0214,-1.285278,36.707129,0.0,0.0,0.0,0.0,0.0
NBO-0215,-1.235394,36.793707,0.0,0.0,0.0,0.0,0.0
NBO-0216,-1.217864,36.946273,0.2864344120025635,0.2190975844860077,0.1372891813516616,0.0082713477313518,0.0
NBO-0217,-1.295741,36.827042,0.0455809794366359,0.0,0.0,0.0,0.0
NBO-0218,-1.235727,36.901794,0.5980092883110046,0.5600747466087341,0.5139876008033752,0.4413047730922699,0.3576710522174835
NBO-0219,-1.307356,36.740224,0.0,0.0,0.0,0.0,0.0
NBO-0220,-1.200512,36.883541,0.2107815593481063,0.1363056302070617,0.0458238460123539,0.0,0.0
NBO-0221,-1.328457,36.847573,0.0106329144909977,0.0,0.0,0.0,0.0
NBO-0222,-1.24835,36.946666,0.5876656770706177,0.5487551093101501,0.5014820694923401,0.4269290268421173,0.3411433100700378
NBO-0223,-1.310199,36.777964,0.0,0.0,0.0,0.0,0.0
NBO-0224,-1.295518,36.816631,0.0,0.0,0.0,0.0,0.0
NBO-0225,-1.285168,36.767894,0.0,0.0,0.0,0.0,0.0
NBO-0226,-1.317641,36.884345,0.0314540527760982,0.0,0.0,0.0,0.0
NBO-0227,-1.26086,36.717133,0.0,0.0,0.0,0.0,0.0
NBO-0228,-1.197482,36.882829,0.2758456170558929,0.2075095772743225,0.1244872137904167,0.0,0.0
NBO-0229,-1.184356,36.908604,0.2379405349493026,0.1660275012254715,0.0786594152450561,0.0,0.0
NBO-0230,-1.332177,36.762032,0.0,0.0,0.0,0.0,0.0
NBO-0231,-1.33616,36.789645,0.0,0.0,0.0,0.0,0.0
NBO-0232,-1.284456,36.786377,0.2111669778823852,0.1367274224758148,0.0462898090481758,0.0,0.0
NBO-0233,-1.188452,36.919106,0.1766581684350967,0.0989621356129646,0.0045681898482143,0.0,0.0
NBO-0234,-1.226429,36.738966,0.0,0.0,0.0,0.0,0.0
NBO-0235,-1.290382,36.928578,0.1120080575346946,0.028211198747158,0.0,0.0,0.0
NBO-0236,-1.187621,36.72315,0.0,0.0,0.0,0.0,0.0
NBO-0237,-1.199153,36.70927,0.0,0.0,0.0,0.0,0.0
NBO-0238,-1.281576,36.902948,0.0682321786880493,0.0,0.0,0.0,0.0
NBO-0239,-1.188579,36.716339,0.0,0.0,0.0,0.0,0.0
NBO-0240,-1.211563,36.84204,0.0,0.0,0.0,0.0,0.0
NBO-0241,-1.230749,36.829461,0.0070095574483275,0.0,0.0,0.0,0.0
NBO-0242,-1.219856,36.921451,0.3921989500522613,0.3348427712917328,0.2651600241661072,0.1552651673555374,0.0288128219544887
NBO-0243,-1.190807,36.86859,0.0,0.0,0.0,0.0,0.0
NBO-0244,-1.227495,36.945525,0.5118399262428284,0.4657738804817199,0.4098076224327087,0.321544736623764,0.2199835628271103
NBO-0245,-1.236395,36.870383,0.1757399886846542,0.0979572981595993,0.0034580852370709,0.0,0.0
NBO-0246,-1.271319,36.783572,0.0033656794112175,0.0,0.0,0.0,0.0
NBO-0247,-1.186897,36.934355,0.2489110231399536,0.178033247590065,0.0919228941202163,0.0,0.0
NBO-0248,-1.303397,36.719771,0.0,0.0,0.0,0.0,0.0
NBO-0249,-1.201491,36.870552,0.2466067969799041,0.1755115687847137,0.0891370475292205,0.0,0.0
NBO-0250,-1.309464,36.727057,0.0657281130552291,0.0,0.0,0.0,0.0
NBO-0251,-1.310908,36.74482,0.0,0.0,0.0,0.0,0.0
NBO-0252,-1.311595,36.796579,0.0,0.0,0.0,0.0,0.0
NBO-0253,-1.197507,36.82492,0.0,0.0,0.0,0.0,0.0
NBO-0254,-1.225363,36.713396,0.0,0.0,0.0,0.0,0.0
NBO-0255,-1.306528,36.801425,0.0,0.0,0.0,0.0,0.0
NBO-0256,-1.32265,36.834249,0.0,0.0,0.0,0.0,0.0
NBO-0257,-1.23058,36.769731,0.0,0.0,0.0,0.0,0.0
NBO-0258,-1.325808,36.801523,0.0,0.0,0.0,0.0,0.0
NBO-0259,-1.194012,36.894882,0.3750833570957184,0.3161120414733886,0.24446702003479,0.1314775496721267,0.0014643266331404
NBO-0260,-1.328899,36.747618,0.0,0.0,0.0,0.0,0.0
NBO-0261,-1.23631,36.777251,0.0211133081465959,0.0,0.0,0.0,0.0
NBO-0262,-1.313656,36.769023,0.0,0.0,0.0,0.0,0.0
NBO-0263,-1.240543,36.762234,0.0,0.0,0.0,0.0,0.0
NBO-0264,-1.194188,36.709318,0.0,0.0,0.0,0.0,0.0
NBO-0265,-1.20795,36.939186,0.2328504621982574,0.1604571044445037,0.0725054517388343,0.0,0.0
NBO-0266,-1.245469,36.827153,0.0,0.0,0.0,0.0,0.0
NBO-0267,-1.265873,36.781748,0.2188541740179062,0.1451400369405746,0.0555837489664554,0.0,0.0
NBO-0268,-1.277204,36.92012,0.4987740814685821,0.45147505402565,0.394010841846466,0.3033855557441711,0.1991060525178909
NBO-0269,-1.230379,36.705483,0.0,0.0,0.0,0.0,0.0
NBO-0270,-1.22036,36.726497,0.0,0.0,0.0,0.0,0.0
NBO-0271,-1.238975,36.704695,0.0,0.0,0.0,0.0,0.0
NBO-0272,-1.268976,36.707647,0.0,0.0,0.0,0.0,0.0
NBO-0273,-1.224272,36.70066,0.0,0.0,0.0,0.0,0.0
NBO-0274,-1.290944,36.852137,0.1202279850840568,0.0372068174183368,0.0,0.0,0.0
NBO-0275,-1.305913,36.879391,0.0018672097939997,0.0,0.0,0.0,0.0
NBO-0276,-1.341675,36.788527,0.0,0.0,0.0,0.0,0.0
NBO-0277,-1.316557,36.932,0.0851205959916114,0.0,0.0,0.0,0.0
NBO-0278,-1.184995,36.888914,0.1691483855247497,0.09074367582798,0.0,0.0,0.0
NBO-0279,-1.242356,36.946982,0.4855479598045349,0.4370008111000061,0.3780202567577362,0.2850036025047302,0.1779724061489105
NBO-0280,-1.286231,36.892072,0.0034659986849874,0.0,0.0,0.0,0.0
NBO-0281,-1.187574,36.830611,0.0,0.0,0.0,0.0,0.0
NBO-0282,-1.338431,36.714023,0.0,0.0,0.0,0.0,0.0
NBO-0283,-1.295195,36.729934,0.0,0.0,0.0,0.0,0.0
NBO-0284,-1.27871,36.781699,0.0482361502945423,0.0,0.0,0.0,0.0
NBO-0285,-1.308304,36.733992,0.0,0.0,0.0,0.0,0.0
NBO-0286,-1.211654,36.859362,0.0472190491855144,0.0,0.0,0.0,0.0
NBO-0287,-1.305027,36.717376,0.0,0.0,0.0,0.0,0.0
NBO-0288,-1.267276,36.835611,0.0290607716888189,0.0,0.0,0.0,0.0
NBO-0289,-1.185153,36.790811,0.0,0.0,0.0,0.0,0.0
NBO-0290,-1.266469,36.795974,0.0,0.0,0.0,0.0,0.0
NBO-0291,-1.309713,36.71976,0.0076628164388239,0.0,0.0,0.0,0.0
NBO-0292,-1.248732,36.879753,0.4501494169235229,0.3982618451118469,0.3352229595184326,0.2358059734106063,0.1214101538062095
NBO-0293,-1.204167,36.891005,0.6318746209144592,0.5971358418464661,0.5549312829971313,0.4883715510368347,0.4117834568023681
NBO-0294,-1.28955,36.779763,0.2126947343349456,0.1383993327617645,0.0481368862092494,0.0,0.0
NBO-0295,-1.33716,36.794091,0.0,0.0,0.0,0.0,0.0
NBO-0296,-1.278423,36.873103,0.2212733775377273,0.1477875411510467,0.0585086047649383,0.0,0.0
NBO-0297,-1.213308,36.732977,0.0,0.0,0.0,0.0,0.0
NBO-0298,-1.323806,36.853642,0.0,0.0,0.0,0.0,0.0
NBO-0299,-1.298429,36.785526,0.0,0.0,0.0,0.0,0.0
NBO-0300,-1.316479,36.875112,0.1420998126268386,0.0611426159739494,0.0,0.0,0.0
NBO-0301,-1.196509,36.858876,0.0,0.0,0.0,0.0,0.0
NBO-0302,-1.207697,36.777948,0.0,0.0,0.0,0.0,0.0
NBO-0303,-1.326648,36.769993,0.0,0.0,0.0,0.0,0.0
NBO-0304,-1.32852,36.797975,0.0,0.0,0.0,0.0,0.0
NBO-0305,-1.310833,36.773989,0.0,0.0,0.0,0.0,0.0
NBO-0306,-1.220163,36.889739,0.183804303407669,0.1067826300859451,0.0132079683244228,0.0,0.0
NBO-0307,-1.335209,36.897649,0.1050631180405616,0.0206108875572681,0.0,0.0,0.0
NBO-0308,-1.253911,36.823871,0.5121504068374634,0.4661136567592621,0.4101829826831817,0.3219762444496155,0.220479667186737
NBO-0309,-1.230274,36.759232,0.0,0.0,0.0,0.0,0.0
NBO-0310,-1.193935,36.823109,0.0,0.0,0.0,0.0,0.0
NBO-0311,-1.185447,36.889115,0.1163301318883895,0.03294113650918,0.0,0.0,0.0
NBO-0312,-1.27629,36.836385,0.0,0.0,0.0,0.0,0.0
NBO-0313,-1.204866,36.703881,0.0,0.0,0.0,0.0,0.0
NBO-0314,-1.182174,36.721902,0.0,0.0,0.0,0.0,0.0
NBO-0315,-1.181293,36.796118,0.0,0.0,0.0,0.0,0.0
NBO-0316,-1.206311,36.910658,0.6274335384368896,0.5922756791114807,0.5495619177818298,0.4821991622447967,0.4046871066093445
NBO-0317,-1.245344,36.806905,0.0,0.0,0.0,0.0,0.0
NBO-0318,-1.332425,36.855886,0.0,0.0,0.0,0.0,0.0
NBO-0319,-1.256119,36.841093,0.0,0.0,0.0,0.0,0.0
NBO-0320,-1.348242,36.720226,0.0,0.0,0.0,0.0,0.0
NBO-0321,-1.214463,36.819394,0.0,0.0,0.0,0.0,0.0
NBO-0322,-1.317859,36.80791,0.0951244160532951,0.0097343074157834,0.0,0.0,0.0
NBO-0323,-1.269099,36.814491,0.0,0.0,0.0,0.0,0.0
NBO-0324,-1.327675,36.927681,0.111393854022026,0.0275390371680259,0.0,0.0,0.0
NBO-0325,-1.213059,36.774836,0.0,0.0,0.0,0.0,0.0
NBO-0326,-1.274304,36.944364,0.326412945985794,0.2628487646579742,0.1856237947940826,0.0638343766331672,0.0
NBO-0327,-1.285088,36.818006,0.0,0.0,0.0,0.0,0.0
NBO-0328,-1.341179,36.819429,0.0,0.0,0.0,0.0,0.0
NBO-0329,-1.231313,36.878088,0.0,0.0,0.0,0.0,0.0
NBO-0330,-1.344911,36.819275,0.037077147513628,0.0,0.0,0.0,0.0
NBO-0331,-1.299253,36.714793,0.0,0.0,0.0,0.0,0.0
NBO-0332,-1.210051,36.840545,0.0,0.0,0.0,0.0,0.0
NBO-0333,-1.271368,36.72167,0.0,0.0,0.0,0.0,0.0
NBO-0334,-1.300269,36.932332,0.1508359909057617,0.070703200995922,0.0,0.0,0.0
NBO-0335,-1.204821,36.777835,0.0,0.0,0.0,0.0,0.0
NBO-0336,-1.31156,36.933433,0.0389851070940494,0.0,0.0,0.0,0.0
NBO-0337,-1.182634,36.829649,0.0,0.0,0.0,0.0,0.0
NBO-0338,-1.300632,36.895328,0.1854711174964904,0.1086067259311676,0.0152231585234403,0.0,0.0
NBO-0339,-1.310599,36.826601,0.2111832946538925,0.1367452889680862,0.0463095493614673,0.0,0.0
NBO-0340,-1.1977,36.752666,0.0,0.0,0.0,0.0,0.0
NBO-0341,-1.346872,36.949269,0.0418274588882923,0.0,0.0,0.0,0.0
NBO-0342,-1.200346,36.858594,0.0885274410247802,0.0025147935375571,0.0,0.0,0.0
NBO-0343,-1.254997,36.812644,0.0,0.0,0.0,0.0,0.0
NBO-0344,-1.213194,36.935062,0.1862595975399017,0.1094696074724197,0.0161764416843652,0.0,0.0
NBO-0345,-1.278319,36.839113,0.0,0.0,0.0,0.0,0.0
NBO-0346,-1.306948,36.801566,0.0,0.0,0.0,0.0,0.0
NBO-0347,-1.274636,36.749664,0.2982476651668548,0.2320256233215332,0.151571586728096,0.0246896743774414,0.0
NBO-0348,-1.317463,36.783427,0.1504411995410919,0.070271149277687,0.0,0.0,0.0
NBO-0349,-1.343824,36.902898,0.0437379330396652,0.0,0.0,0.0,0.0
NBO-0350,-1.292185,36.740383,0.0534680858254432,0.0,0.0,0.0,0.0
NBO-0351,-1.241881,36.815722,0.0,0.0,0.0,0.0,0.0
NBO-0352,-1.310166,36.860695,0.0,0.0,0.0,0.0,0.0
NBO-0353,-1.331766,36.81104,0.0,0.0,0.0,0.0,0.0
NBO-0354,-1.225862,36.799735,0.0,0.0,0.0,0.0,0.0
NBO-0355,-1.347451,36.709257,0.0,0.0,0.0,0.0,0.0
NBO-0356,-1.203566,36.90393,0.4824559688568115,0.4336170554161072,0.3742820024490356,0.2807062864303589,0.1730318069458007
NBO-0357,-1.347865,36.718488,0.0,0.0,0.0,0.0,0.0
NBO-0358,-1.310107,36.808186,0.2464310377836227,0.1753192394971847,0.0889245644211769,0.0,0.0
NBO-0359,-1.274801,36.721075,0.0,0.0,0.0,0.0,0.0
NBO-0360,-1.306434,36.778519,0.0,0.0,0.0,0.0,0.0
NBO-0361,-1.260813,36.895214,0.1997514367103576,0.124234639108181,0.0324882715940475,0.0,0.0
NBO-0362,-1.218859,36.931263,0.2912556231021881,0.224373772740364,0.1431181132793426,0.0149719882756471,0.0
NBO-0363,-1.265965,36.71004,0.1573828756809234,0.0778678953647613,0.0,0.0,0.0
NBO-0364,-1.270336,36.775293,0.0,0.0,0.0,0.0,0.0
NBO-0365,-1.245682,36.872151,0.0175005178898572,0.0,0.0,0.0,0.0
NBO-0366,-1.294328,36.79296,0.0217334646731615,0.0,0.0,0.0,0.0
NBO-0367,-1.279863,36.946799,0.2002120167016983,0.1247386783361435,0.0330451130867004,0.0,0.0
NBO-0368,-1.281142,36.73553,0.0,0.0,0.0,0.0,0.0
NBO-0369,-1.304822,36.734471,0.0,0.0,0.0,0.0,0.0
NBO-0370,-1.259124,36.882024,0.1853253692388534,0.1084472313523292,0.0150469569489359,0.0,0.0
NBO-0371,-1.18152,36.87356,0.0,0.0,0.0,0.0,0.0
NBO-0372,-1.244471,36.934206,0.3388372659683227,0.2764455080032348,0.2006449699401855,0.0811019539833068,0.0
NBO-0373,-1.333748,36.718557,0.0,0.0,0.0,0.0,0.0
NBO-0374,-1.306874,36.704134,0.0,0.0,0.0,0.0,0.0
NBO-0375,-1.265587,36.732079,0.0,0.0,0.0,0.0,0.0
NBO-0376,-1.330722,36.930502,0.0513914301991462,0.0,0.0,0.0,0.0
NBO-0377,-1.240753,36.808486,0.0881503224372863,0.0021020944695919,0.0,0.0,0.0
NBO-0378,-1.232748,36.807252,0.0,0.0,0.0,0.0,0.0
NBO-0379,-1.244467,36.767451,0.0,0.0,0.0,0.0,0.0
NBO-0380,-1.256632,36.748659,0.0,0.0,0.0,0.0,0.0
NBO-0381,-1.305364,36.729212,0.0,0.0,0.0,0.0,0.0
NBO-0382,-1.287241,36.888335,0.0494835041463375,0.0,0.0,0.0,0.0
NBO-0383,-1.306754,36.710739,0.0,0.0,0.0,0.0,0.0
NBO-0384,-1.266942,36.885308,0.2662652432918548,0.1970251351594925,0.1129044070839881,0.0,0.0
NBO-0385,-1.20217,36.825202,0.0,0.0,0.0,0.0,0.0
NBO-0386,-1.290194,36.745156,0.0,0.0,0.0,0.0,0.0
NBO-0387,-1.229012,36.757269,0.0,0.0,0.0,0.0,0.0
NBO-0388,-1.278278,36.710888,0.2529658675193786,0.1824707388877868,0.0968252643942833,0.0,0.0
NBO-0389,-1.270773,36.910552,0.0520594380795955,0.0,0.0,0.0,0.0
NBO-0390,-1.19186,36.849251,0.0,0.0,0.0,0.0,0.0
NBO-0391,-1.303499,36.883827,0.0100945318117737,0.0,0.0,0.0,0.0
NBO-0392,-1.199582,36.834712,0.0,0.0,0.0,0.0,0.0
NBO-0393,-1.333316,36.714996,0.0,0.0,0.0,0.0,0.0
NBO-0394,-1.223109,36.877667,0.0,0.0,0.0,0.0,0.0
NBO-0395,-1.288387,36.922284,0.1207952201366424,0.0378275774419307,0.0,0.0,0.0
NBO-0396,-1.202279,36.766078,0.0,0.0,0.0,0.0,0.0
NBO-0397,-1.334262,36.797507,0.0,0.0,0.0,0.0,0.0
NBO-0398,-1.212112,36.947855,0.2611806988716125,0.1914607733488083,0.1067571118474006,0.0,0.0
NBO-0399,-1.208904,36.854328,0.0,0.0,0.0,0.0,0.0
NBO-0400,-1.183815,36.732616,0.0,0.0,0.0,0.0,0.0
NBO-0401,-1.225953,36.743443,0.0,0.0,0.0,0.0,0.0
NBO-0402,-1.317633,36.764405,0.0331294387578964,0.0,0.0,0.0,0.0
NBO-0403,-1.231914,36.931956,0.1412157714366912,0.0601751506328582,0.0,0.0,0.0
NBO-0404,-1.297077,36.90215,0.3978939950466156,0.3410752415657043,0.272045373916626,0.1631802469491958,0.0379127487540245
NBO-0405,-1.182548,36.704197,0.0,0.0,0.0,0.0,0.0
NBO-0406,-1.210983,36.840534,0.0,0.0,0.0,0.0,0.0
NBO-0407,-1.253995,36.750024,0.0,0.0,0.0,0.0,0.0
NBO-0408,-1.334527,36.762454,0.0,0.0,0.0,0.0,0.0
NBO-0409,-1.286737,36.831791,0.0,0.0,0.0,0.0,0.0
NBO-0410,-1.247716,36.748189,0.0,0.0,0.0,0.0,0.0
NBO-0411,-1.189573,36.871599,0.0,0.0,0.0,0.0,0.0
NBO-0412,-1.323981,36.709497,0.0,0.0,0.0,0.0,0.0
NBO-0413,-1.29912,36.707958,0.0,0.0,0.0,0.0,0.0
NBO-0414,-1.222829,36.772325,0.0,0.0,0.0,0.0,0.0
NBO-0415,-1.182905,36.723088,0.0,0.0,0.0,0.0,0.0
NBO-0416,-1.181257,36.913667,0.1890417337417602,0.1125142946839332,0.0195400919765234,0.0,0.0
NBO-0417,-1.302171,36.892264,0.012592683546245,0.0,0.0,0.0,0.0
NBO-0418,-1.225647,36.840018,0.0,0.0,0.0,0.0,0.0
NBO-0419,-1.322424,36.883627,0.0,0.0,0.0,0.0,0.0
NBO-0420,-1.339096,36.702452,0.0,0.0,0.0,0.0,0.0
NBO-0421,-1.245747,36.759842,0.3255207538604736,0.2618723809719085,0.1845451444387436,0.0625944063067436,0.0
NBO-0422,-1.281913,36.829603,0.1076729446649551,0.0234669987112283,0.0,0.0,0.0
NBO-0423,-1.249578,36.901111,0.1210682392120361,0.0381263606250286,0.0,0.0,0.0
NBO-0424,-1.290479,36.84768,0.0708576738834381,0.0,0.0,0.0,0.0
NBO-0425,-1.348616,36.782807,0.0,0.0,0.0,0.0,0.0
NBO-0426,-1.315744,36.762556,0.0,0.0,0.0,0.0,0.0
NBO-0427,-1.344614,36.914871,0.0384162925183773,0.0,0.0,0.0,0.0
NBO-0428,-1.211801,36.839118,0.0,0.0,0.0,0.0,0.0
NBO-0429,-1.335739,36.913418,0.0456912256777286,0.0,0.0,0.0,0.0
NBO-0430,-1.323625,36.725838,0.0,0.0,0.0,0.0,0.0
NBO-0431,-1.339077,36.900695,0.2480089515447616,0.1770460605621338,0.0908322855830192,0.0,0.0
NBO-0432,-1.211213,36.717387,0.0,0.0,0.0,0.0,0.0
NBO-0433,-1.247364,36.787692,0.0,0.0,0.0,0.0,0.0
NBO-0434,-1.317629,36.800261,0.1806525737047195,0.1033334657549858,0.0093974666669964,0.0,0.0
NBO-0435,-1.314949,36.71617,0.0,0.0,0.0,0.0,0.0
NBO-0436,-1.316654,36.932326,0.0221096333116292,0.0,0.0,0.0,0.0
NBO-0437,-1.323597,36.803865,0.0,0.0,0.0,0.0,0.0
NBO-0438,-1.276598,36.716169,0.0,0.0,0.0,0.0,0.0
NBO-0439,-1.192567,36.872725,0.0,0.0,0.0,0.0,0.0
NBO-0440,-1.18851,36.783672,0.0,0.0,0.0,0.0,0.0
NBO-0441,-1.185484,36.849843,0.0,0.0,0.0,0.0,0.0
NBO-0442,-1.33239,36.866631,0.0,0.0,0.0,0.0,0.0
NBO-0443,-1.218721,36.942704,0.3351253569126129,0.2723833322525024,0.1961572170257568,0.0759430602192878,0.0
NBO-0444,-1.290744,36.843866,0.1171948462724685,0.0338874459266662,0.0,0.0,0.0
NBO-0445,-1.259144,36.860661,0.1833299994468689,0.1062635630369186,0.0126345222815871,0.0,0.0
NBO-0446,-1.29806,36.939987,0.1593229323625564,0.0799910202622413,0.0,0.0,0.0
NBO-0447,-1.232566,36.780822,0.0,0.0,0.0,0.0,0.0
NBO-0448,-1.294373,36.783096,0.0,0.0,0.0,0.0,0.0
NBO-0449,-1.200878,36.877885,0.2776331305503845,0.2094657719135284,0.126648336648941,0.0,0.0
NBO-0450,-1.313857,36.861033,0.2292035818099975,0.1564660817384719,0.068096324801445,0.0,0.0
NBO-0451,-1.286896,36.782238,0.1974048018455505,0.1216665580868721,0.0296511594206094,0.0,0.0
NBO-0452,-1.222582,36.9336,0.6099970936775208,0.5731938481330872,0.5284810662269592,0.4579657018184662,0.3768260180950165
NBO-0453,-1.329951,36.944419,0.447554349899292,0.3954218924045563,0.3320854604244232,0.2321992665529251,0.1172635555267334
NBO-0454,-1.339888,36.948654,0.0921917185187339,0.0065248603932559,0.0,0.0,0.0
NBO-0455,-1.33227,36.874249,0.0,0.0,0.0,0.0,0.0
NBO-0456,-1.232817,36.907698,0.2559123039245605,0.1856952160596847,0.1003875359892845,0.0,0.0
NBO-0457,-1.186498,36.925161,0.1254225820302963,0.0428916029632091,0.0,0.0,0.0
NBO-0458,-1.271154,36.849901,0.0,0.0,0.0,0.0,0.0
NBO-0459,-1.276579,36.926282,0.1803040653467178,0.1029520854353904,0.0089761307463049,0.0,0.0
NBO-0460,-1.33452,36.837781,0.0,0.0,0.0,0.0,0.0
NBO-0461,-1.332897,36.781192,0.0,0.0,0.0,0.0,0.0
NBO-0462,-1.315129,36.829882,0.0019488359102979,0.0,0.0,0.0,0.0
NBO-0463,-1.263233,36.740277,0.0,0.0,0.0,0.0,0.0
NBO-0464,-1.29875,36.943049,0.0811929255723953,0.0,0.0,0.0,0.0
NBO-0465,-1.291747,36.740285,0.084365077316761,0.0,0.0,0.0,0.0
NBO-0466,-1.248392,36.783232,0.351980060338974,0.2908285558223724,0.2165347933769226,0.0993680879473686,0.0
NBO-0467,-1.198678,36.731266,0.0,0.0,0.0,0.0,0.0
NBO-0468,-1.333948,36.907328,0.2699817419052124,0.2010923326015472,0.1173976808786392,0.0,0.0
NBO-0469,-1.32826,36.885924,0.0,0.0,0.0,0.0,0.0
NBO-0470,-1.317417,36.911355,0.0,0.0,0.0,0.0,0.0
NBO-0471,-1.210378,36.930778,0.1440567374229431,0.0632842034101486,0.0,0.0,0.0
NBO-0472,-1.280935,36.89564,0.0,0.0,0.0,0.0,0.0
NBO-0473,-1.204539,36.850227,0.0887950211763382,0.0028076299931854,0.0,0.0,0.0
NBO-0474,-1.265397,36.874234,0.1201084479689598,0.0370759963989257,0.0,0.0,0.0
NBO-0475,-1.321852,36.912497,0.047514084726572,0.0,0.0,0.0,0.0
NBO-0476,-1.239714,36.739798,0.0,0.0,0.0,0.0,0.0
NBO-0477,-1.319008,36.757525,0.0,0.0,0.0,0.0,0.0
NBO-0478,-1.2108,36.844853,0.0,0.0,0.0,0.0,0.0
NBO-0479,-1.319025,36.818722,0.0,0.0,0.0,0.0,0.0
NBO-0480,-1.313874,36.93348,0.0,0.0,0.0,0.0,0.0
NBO-0481,-1.206344,36.782704,0.0,0.0,0.0,0.0,0.0
NBO-0482,-1.211464,36.717203,0.0,0.0,0.0,0.0,0.0
NBO-0483,-1.24542,36.771289,0.0,0.0,0.0,0.0,0.0
NBO-0484,-1.271068,36.744576,0.0,0.0,0.0,0.0,0.0
NBO-0485,-1.233919,36.806192,0.0,0.0,0.0,0.0,0.0
NBO-0486,-1.309357,36.726474,0.1514707058668136,0.0713978111743927,0.0,0.0,0.0
NBO-0487,-1.344056,36.855521,0.2592668235301971,0.1893662810325622,0.1044431924819946,0.0,0.0
NBO-0488,-1.289708,36.796945,0.0,0.0,0.0,0.0,0.0
NBO-0489,-1.244082,36.757179,0.0,0.0,0.0,0.0,0.0
NBO-0490,-1.317731,36.92187,0.0,0.0,0.0,0.0,0.0
NBO-0491,-1.22655,36.947095,0.6811106204986572,0.6510181427001953,0.6144583225250244,0.5568007826805115,0.490456223487854
NBO-0492,-1.20285,36.871324,0.6854886412620544,0.6558092832565308,0.6197513937950134,0.5628854632377625,0.4974516928195953
NBO-0493,-1.28459,36.726722,0.0,0.0,0.0,0.0,0.0
NBO-0494,-1.291975,36.831562,0.0,0.0,0.0,0.0,0.0
NBO-0495,-1.328919,36.874954,0.0,0.0,0.0,0.0,0.0
NBO-0496,-1.212958,36.816976,0.0,0.0,0.0,0.0,0.0
NBO-0497,-1.285034,36.742151,0.0,0.0,0.0,0.0,0.0
NBO-0498,-1.185994,36.786739,0.0,0.0,0.0,0.0,0.0
NBO-0499,-1.269108,36.923782,0.311448335647583,0.2464719861745834,0.1675313711166381,0.0430362299084663,0.0
NBO-0500,-1.25312,36.710253,0.0,0.0,0.0,0.0,0.0
NBO-0501,-1.295026,36.712918,0.0,0.0,0.0,0.0,0.0
NBO-0502,-1.261483,36.874398,0.051689475774765,0.0,0.0,0.0,0.0
NBO-0503,-1.225395,36.907248,0.3172338306903839,0.2528034448623657,0.1745261251926422,0.0510770380496978,0.0
NBO-0504,-1.305311,36.854259,0.0,0.0,0.0,0.0,0.0
NBO-0505,-1.244107,36.925259,0.2582066655158996,0.1882060766220092,0.103161446750164,0.0,0.0
NBO-0506,-1.182312,36.828437,0.0,0.0,0.0,0.0,0.0
NBO-0507,-1.286124,36.862558,0.1114458739757537,0.0275959651917219,0.0,0.0,0.0
NBO-0508,-1.319233,36.80786,0.1353619396686554,0.0537689179182052,0.0,0.0,0.0
NBO-0509,-1.193795,36.897925,0.3580530881881714,0.2974746823310852,0.2238771766424179,0.1078085154294967,0.0
NBO-0510,-1.336823,36.70879,0.0,0.0,0.0,0.0,0.0
NBO-0511,-1.184776,36.797872,0.0,0.0,0.0,0.0,0.0
NBO-0512,-1.188377,36.790529,0.0,0.0,0.0,0.0,0.0
NBO-0513,-1.290784,36.727271,0.0,0.0,0.0,0.0,0.0
NBO-0514,-1.265043,36.819492,0.2468424439430236,0.1757694631814956,0.0894219502806663,0.0,0.0
NBO-0515,-1.325057,36.886173,0.0,0.0,0.0,0.0,0.0
NBO-0516,-1.249747,36.737112,0.0,0.0,0.0,0.0,0.0
NBO-0517,-1.34537,36.948643,0.0525328740477561,0.0,0.0,0.0,0.0
NBO-0518,-1.207065,36.750001,0.0,0.0,0.0,0.0,0.0
NBO-0519,-1.331527,36.92513,0.0,0.0,0.0,0.0,0.0
NBO-0520,-1.193567,36.704825,0.0,0.0,0.0,0.0,0.0
NBO-0521,-1.311918,36.827583,0.1949077397584915,0.1189338490366935,0.0266321636736392,0.0,0.0
NBO-0522,-1.288577,36.715379,0.0773663446307182,0.0,0.0,0.0,0.0
NBO-0523,-1.345307,36.773551,0.0,0.0,0.0,0.0,0.0
NBO-0524,-1.285827,36.901408,0.0,0.0,0.0,0.0,0.0
NBO-0525,-1.339053,36.852392,0.0304293073713779,0.0,0.0,0.0,0.0
NBO-0526,-1.192388,36.92264,0.205046534538269,0.130029410123825,0.038890104740858,0.0,0.0
NBO-0527,-1.210956,36.822111,0.0,0.0,0.0,0.0,0.0
NBO-0528,-1.183892,36.727219,0.0,0.0,0.0,0.0,0.0
NBO-0529,-1.27367,36.719198,0.0023091877810657,0.0,0.0,0.0,0.0
NBO-0530,-1.243356,36.83222,0.0,0.0,0.0,0.0,0.0
NBO-0531,-1.262821,36.929629,0.2391031980514526,0.1672998815774917,0.0800650864839553,0.0,0.0
NBO-0532,-1.184216,36.946388,0.1474845260381698,0.0670354589819908,0.0,0.0,0.0
NBO-0533,-1.256164,36.887888,0.3583325147628784,0.2977804839611053,0.224215030670166,0.1081968918442726,0.0
NBO-0534,-1.214277,36.717458,0.0,0.0,0.0,0.0,0.0
NBO-0535,-1.295993,36.743629,0.0,0.0,0.0,0.0,0.0
NBO-0536,-1.225209,36.858199,0.0,0.0,0.0,0.0,0.0
NBO-0537,-1.22413,36.847103,0.0,0.0,0.0,0.0,0.0
NBO-0538,-1.27839,36.927619,0.1317443251609802,0.0498099215328693,0.0,0.0,0.0
NBO-0539,-1.312574,36.820574,0.0576923601329326,0.0,0.0,0.0,0.0
NBO-0540,-1.324529,36.76911,0.0,0.0,0.0,0.0,0.0
NBO-0541,-1.212603,36.730007,0.0,0.0,0.0,0.0,0.0
NBO-0542,-1.189111,36.888,0.1991578191518783,0.1235850006341934,0.0317705757915973,0.0,0.0
NBO-0543,-1.315547,36.926666,0.086611233651638,0.0004177602822892,0.0,0.0,0.0
NBO-0544,-1.257331,36.882131,0.0716006457805633,0.0,0.0,0.0,0.0
NBO-0545,-1.242225,36.740313,0.0,0.0,0.0,0.0,0.0
NBO-0546,-1.330179,36.854297,0.0,0.0,0.0,0.0,0.0
NBO-0547,-1.200929,36.924815,0.4697235226631164,0.4196830987930298,0.3588883280754089,0.2630104720592499,0.1526870429515838
NBO-0548,-1.316532,36.819529,0.0,0.0,0.0,0.0,0.0
NBO-0549,-1.237462,36.709771,0.0,0.0,0.0,0.0,0.0
NBO-0550,-1.259167,36.767873,0.0,0.0,0.0,0.0,0.0
NBO-0551,-1.229688,36.86457,0.0408122949302196,0.0,0.0,0.0,0.0
NBO-0552,-1.250584,36.731432,0.0,0.0,0.0,0.0,0.0
NBO-0553,-1.323114,36.787484,0.0,0.0,0.0,0.0,0.0
NBO-0554,-1.340246,36.945013,0.098816879093647,0.0137752126902341,0.0,0.0,0.0
NBO-0555,-1.234729,36.732582,0.0,0.0,0.0,0.0,0.0
NBO-0556,-1.196393,36.809098,0.0,0.0,0.0,0.0,0.0
NBO-0557,-1.267599,36.862228,0.0135989477857947,0.0,0.0,0.0,0.0
NBO-0558,-1.196781,36.753065,0.0,0.0,0.0,0.0,0.0
NBO-0559,-1.180076,36.902401,0.2211252897977829,0.1476254612207412,0.0583295561373233,0.0,0.0
NBO-0560,-1.255496,36.743072,0.0,0.0,0.0,0.0,0.0
NBO-0561,-1.295388,36.849583,0.0475454106926918,0.0,0.0,0.0,0.0
NBO-0562,-1.315337,36.709384,0.0,0.0,0.0,0.0,0.0
NBO-0563,-1.25133,36.949922,0.2357229739427566,0.1636006832122802,0.0759783610701561,0.0,0.0
NBO-0564,-1.19492,36.831777,0.0,0.0,0.0,0.0,0.0
NBO-0565,-1.343686,36.759716,0.0,0.0,0.0,0.0,0.0
NBO-0566,-1.263318,36.733818,0.0,0.0,0.0,0.0,0.0
NBO-0567,-1.182158,36.710157,0.0,0.0,0.0,0.0,0.0
NBO-0568,-1.215505,36.766714,0.0,0.0,0.0,0.0,0.0
NBO-0569,-1.227372,36.910585,0.4277280867099762,0.3737246692180633,0.3081152439117431,0.2046443223953247,0.0855837687849998
NBO-0570,-1.301884,36.762107,0.0,0.0,0.0,0.0,0.0
NBO-0571,-1.343186,36.934871,0.0851868018507957,0.0,0.0,0.0,0.0
NBO-0572,-1.218469,36.948093,0.2475674003362655,0.1765628159046173,0.0902984291315078,0.0,0.0
NBO-0573,-1.209108,36.843527,0.0461423248052597,0.0,0.0,0.0,0.0
NBO-0574,-1.328134,36.729186,0.0,0.0,0.0,0.0,0.0
NBO-0575,-1.330035,36.785141,0.0,0.0,0.0,0.0,0.0
NBO-0576,-1.32098,36.87598,0.0,0.0,0.0,0.0,0.0
NBO-0577,-1.254205,36.793286,0.0,0.0,0.0,0.0,0.0
NBO-0578,-1.255227,36.862573,0.0,0.0,0.0,0.0,0.0
NBO-0579,-1.284944,36.872587,0.0394090451300144,0.0,0.0,0.0,0.0
NBO-0580,-1.184273,36.742328,0.0,0.0,0.0,0.0,0.0
NBO-0581,-1.223779,36.773558,0.0,0.0,0.0,0.0,0.0
NBO-0582,-1.260893,36.864061,0.1008272171020507,0.0159752648323774,0.0,0.0,0.0
NBO-0583,-1.318733,36.827757,0.0,0.0,0.0,0.0,0.0
NBO-0584,-1.337643,36.82649,0.0,0.0,0.0,0.0,0.0
NBO-0585,-1.267538,36.730176,0.0,0.0,0.0,0.0,0.0
NBO-0586,-1.196646,36.92581,0.2206043452024459,0.147055372595787,0.057699728757143,0.0,0.0
NBO-0587,-1.230529,36.707301,0.0,0.0,0.0,0.0,0.0
NBO-0588,-1.194468,36.887787,0.3935819566249847,0.3363563120365143,0.2668320834636688,0.1571873128414154,0.0310227014124393
NBO-0589,-1.303936,36.77295,0.0,0.0,0.0,0.0,0.0
NBO-0590,-1.284527,36.892554,0.0,0.0,0.0,0.0,0.0
NBO-0591,-1.268694,36.778328,0.0,0.0,0.0,0.0,0.0
NBO-0592,-1.311754,36.901046,0.0028908329550176,0.0,0.0,0.0,0.0
NBO-0593,-1.243736,36.854758,0.0,0.0,0.0,0.0,0.0
NBO-0594,-1.325088,36.940654,0.133851945400238,0.0521164312958717,0.0,0.0,0.0
NBO-0595,-1.259297,36.878847,0.1646010726690292,0.0857672467827797,0.0,0.0,0.0
NBO-0596,-1.268638,36.924316,0.3933278918266296,0.3360782563686371,0.2665249109268188,0.1568341851234436,0.0306167118251323
NBO-0597,-1.296252,36.788082,0.0,0.0,0.0,0.0,0.0
NBO-0598,-1.340629,36.87552,0.0,0.0,0.0,0.0,0.0
NBO-0599,-1.298736,36.871765,0.0,0.0,0.0,0.0,0.0
